<?xml version="1.0"?>
<simRes version="1.0" nbElements="14">
  <nbHubs>0</nbHubs>
  <nbSwitch>2</nbSwitch>
  <nbCartesReseau>6</nbCartesReseau>
  <nbStations>5</nbStations>
  <dernierIdNoeud>7</dernierIdNoeud>
  <iconeMessage />
  <switch nomNoeud="sw1">
    <idNoeud>1</idNoeud>
    <nbPointsConnexion>5</nbPointsConnexion>
    <Location.X>160</Location.X>
    <Location.Y>151</Location.Y>
    <nbPortsNormaux>5</nbPortsNormaux>
    <nbPortsCascade>0</nbPortsCascade>
    <spanningTree>True</spanningTree>
    <nbPorts802.1q>0</nbPorts802.1q>
    <niveau_vlan>0</niveau_vlan>
    <typeSwitch>storeAndForward</typeSwitch>
    <PortSwitch numero="1">
      <PosDemoEmission.X>0</PosDemoEmission.X>
      <PosDemoEmission.Y>0</PosDemoEmission.Y>
    </PortSwitch>
    <PortSwitch numero="2">
      <PosDemoEmission.X>0</PosDemoEmission.X>
      <PosDemoEmission.Y>0</PosDemoEmission.Y>
    </PortSwitch>
    <PortSwitch numero="3">
      <PosDemoEmission.X>0</PosDemoEmission.X>
      <PosDemoEmission.Y>0</PosDemoEmission.Y>
    </PortSwitch>
    <PortSwitch numero="4">
      <PosDemoEmission.X>0</PosDemoEmission.X>
      <PosDemoEmission.Y>0</PosDemoEmission.Y>
    </PortSwitch>
    <PortSwitch numero="5">
      <PosDemoEmission.X>0</PosDemoEmission.X>
      <PosDemoEmission.Y>0</PosDemoEmission.Y>
    </PortSwitch>
    <table_port_vlan nbLignes="0" />
    <table_mac_vlan nbLignes="0" />
  </switch>
  <switch nomNoeud="sw2">
    <idNoeud>2</idNoeud>
    <nbPointsConnexion>6</nbPointsConnexion>
    <Location.X>481</Location.X>
    <Location.Y>181</Location.Y>
    <nbPortsNormaux>6</nbPortsNormaux>
    <nbPortsCascade>0</nbPortsCascade>
    <spanningTree>True</spanningTree>
    <nbPorts802.1q>0</nbPorts802.1q>
    <niveau_vlan>0</niveau_vlan>
    <typeSwitch>storeAndForward</typeSwitch>
    <PortSwitch numero="1">
      <PosDemoEmission.X>0</PosDemoEmission.X>
      <PosDemoEmission.Y>0</PosDemoEmission.Y>
    </PortSwitch>
    <PortSwitch numero="2">
      <PosDemoEmission.X>0</PosDemoEmission.X>
      <PosDemoEmission.Y>0</PosDemoEmission.Y>
    </PortSwitch>
    <PortSwitch numero="3">
      <PosDemoEmission.X>0</PosDemoEmission.X>
      <PosDemoEmission.Y>0</PosDemoEmission.Y>
    </PortSwitch>
    <PortSwitch numero="4">
      <PosDemoEmission.X>0</PosDemoEmission.X>
      <PosDemoEmission.Y>0</PosDemoEmission.Y>
    </PortSwitch>
    <PortSwitch numero="5">
      <PosDemoEmission.X>0</PosDemoEmission.X>
      <PosDemoEmission.Y>0</PosDemoEmission.Y>
    </PortSwitch>
    <PortSwitch numero="6">
      <PosDemoEmission.X>0</PosDemoEmission.X>
      <PosDemoEmission.Y>0</PosDemoEmission.Y>
    </PortSwitch>
    <table_port_vlan nbLignes="0" />
    <table_mac_vlan nbLignes="0" />
  </switch>
  <station nomNoeud="st1">
    <idNoeud>3</idNoeud>
    <nbPointsConnexion>1</nbPointsConnexion>
    <Location.X>75</Location.X>
    <Location.Y>256</Location.Y>
    <ConfigIpStation>
      <passerelle>192.168.1.254</passerelle>
      <routageActif>False</routageActif>
      <serveurDns>0.0.0.0</serveurDns>
      <Routes nbLignes="4">
        <ligne nbValeurs="6" clef="01">
          <valeur>01</valeur>
          <valeur>192.168.1.1</valeur>
          <valeur>255.255.255.255</valeur>
          <valeur>192.168.1.1</valeur>
          <valeur>192.168.1.1</valeur>
          <valeur>1</valeur>
        </ligne>
        <ligne nbValeurs="6" clef="02">
          <valeur>02</valeur>
          <valeur>192.168.1.0</valeur>
          <valeur>255.255.255.0</valeur>
          <valeur>192.168.1.1</valeur>
          <valeur>192.168.1.1</valeur>
          <valeur>1</valeur>
        </ligne>
        <ligne nbValeurs="6" clef="03">
          <valeur>03</valeur>
          <valeur>192.168.1.255</valeur>
          <valeur>255.255.255.255</valeur>
          <valeur>192.168.1.1</valeur>
          <valeur>192.168.1.1</valeur>
          <valeur>1</valeur>
        </ligne>
        <ligne nbValeurs="6" clef="04">
          <valeur>04</valeur>
          <valeur>0.0.0.0</valeur>
          <valeur>0.0.0.0</valeur>
          <valeur>192.168.1.254</valeur>
          <valeur>192.168.1.1</valeur>
          <valeur>1</valeur>
        </ligne>
      </Routes>
      <CacheARP nbLignes="0" />
      <FichierHosts nbLignes="0" />
    </ConfigIpStation>
    <carte adresseMac="mac01">
      <PosDemoEmission.X>0</PosDemoEmission.X>
      <PosDemoEmission.Y>0</PosDemoEmission.Y>
      <ConfigIpCarte>
        <clientDhcp>False</clientDhcp>
        <adresse>192.168.1.1</adresse>
        <masque>255.255.255.0</masque>
      </ConfigIpCarte>
    </carte>
  </station>
  <station nomNoeud="st2">
    <idNoeud>4</idNoeud>
    <nbPointsConnexion>1</nbPointsConnexion>
    <Location.X>214</Location.X>
    <Location.Y>251</Location.Y>
    <ConfigIpStation>
      <passerelle>192.168.1.254</passerelle>
      <routageActif>False</routageActif>
      <serveurDns>0.0.0.0</serveurDns>
      <Routes nbLignes="3">
        <ligne nbValeurs="6" clef="01">
          <valeur>01</valeur>
          <valeur>192.168.1.2</valeur>
          <valeur>255.255.255.255</valeur>
          <valeur>192.168.1.2</valeur>
          <valeur>192.168.1.2</valeur>
          <valeur>1</valeur>
        </ligne>
        <ligne nbValeurs="6" clef="02">
          <valeur>02</valeur>
          <valeur>192.168.1.0</valeur>
          <valeur>255.255.255.0</valeur>
          <valeur>192.168.1.2</valeur>
          <valeur>192.168.1.2</valeur>
          <valeur>1</valeur>
        </ligne>
        <ligne nbValeurs="6" clef="03">
          <valeur>03</valeur>
          <valeur>192.168.1.255</valeur>
          <valeur>255.255.255.255</valeur>
          <valeur>192.168.1.2</valeur>
          <valeur>192.168.1.2</valeur>
          <valeur>1</valeur>
        </ligne>
      </Routes>
      <CacheARP nbLignes="0" />
      <FichierHosts nbLignes="0" />
    </ConfigIpStation>
    <carte adresseMac="mac02">
      <PosDemoEmission.X>0</PosDemoEmission.X>
      <PosDemoEmission.Y>0</PosDemoEmission.Y>
      <ConfigIpCarte>
        <clientDhcp>False</clientDhcp>
        <adresse>192.168.1.2</adresse>
        <masque>255.255.255.0</masque>
      </ConfigIpCarte>
    </carte>
  </station>
  <station nomNoeud="st3">
    <idNoeud>5</idNoeud>
    <nbPointsConnexion>1</nbPointsConnexion>
    <Location.X>433</Location.X>
    <Location.Y>252</Location.Y>
    <ConfigIpStation>
      <passerelle>192.168.2.254</passerelle>
      <routageActif>False</routageActif>
      <serveurDns>0.0.0.0</serveurDns>
      <Routes nbLignes="4">
        <ligne nbValeurs="6" clef="01">
          <valeur>01</valeur>
          <valeur>192.168.2.1</valeur>
          <valeur>255.255.255.255</valeur>
          <valeur>192.168.2.1</valeur>
          <valeur>192.168.2.1</valeur>
          <valeur>1</valeur>
        </ligne>
        <ligne nbValeurs="6" clef="02">
          <valeur>02</valeur>
          <valeur>192.168.2.0</valeur>
          <valeur>255.255.255.0</valeur>
          <valeur>192.168.2.1</valeur>
          <valeur>192.168.2.1</valeur>
          <valeur>1</valeur>
        </ligne>
        <ligne nbValeurs="6" clef="03">
          <valeur>03</valeur>
          <valeur>192.168.2.255</valeur>
          <valeur>255.255.255.255</valeur>
          <valeur>192.168.2.1</valeur>
          <valeur>192.168.2.1</valeur>
          <valeur>1</valeur>
        </ligne>
        <ligne nbValeurs="6" clef="04">
          <valeur>04</valeur>
          <valeur>0.0.0.0</valeur>
          <valeur>0.0.0.0</valeur>
          <valeur>192.168.2.254</valeur>
          <valeur>192.168.2.1</valeur>
          <valeur>1</valeur>
        </ligne>
      </Routes>
      <CacheARP nbLignes="0" />
      <FichierHosts nbLignes="0" />
    </ConfigIpStation>
    <carte adresseMac="mac03">
      <PosDemoEmission.X>0</PosDemoEmission.X>
      <PosDemoEmission.Y>0</PosDemoEmission.Y>
      <ConfigIpCarte>
        <clientDhcp>False</clientDhcp>
        <adresse>192.168.2.1</adresse>
        <masque>255.255.255.0</masque>
      </ConfigIpCarte>
    </carte>
  </station>
  <station nomNoeud="st4">
    <idNoeud>6</idNoeud>
    <nbPointsConnexion>1</nbPointsConnexion>
    <Location.X>578</Location.X>
    <Location.Y>255</Location.Y>
    <ConfigIpStation>
      <passerelle>192.168.2.254</passerelle>
      <routageActif>False</routageActif>
      <serveurDns>0.0.0.0</serveurDns>
      <Routes nbLignes="4">
        <ligne nbValeurs="6" clef="01">
          <valeur>01</valeur>
          <valeur>192.168.2.2</valeur>
          <valeur>255.255.255.255</valeur>
          <valeur>192.168.2.2</valeur>
          <valeur>192.168.2.2</valeur>
          <valeur>1</valeur>
        </ligne>
        <ligne nbValeurs="6" clef="02">
          <valeur>02</valeur>
          <valeur>192.168.2.0</valeur>
          <valeur>255.255.255.0</valeur>
          <valeur>192.168.2.2</valeur>
          <valeur>192.168.2.2</valeur>
          <valeur>1</valeur>
        </ligne>
        <ligne nbValeurs="6" clef="03">
          <valeur>03</valeur>
          <valeur>192.168.2.255</valeur>
          <valeur>255.255.255.255</valeur>
          <valeur>192.168.2.2</valeur>
          <valeur>192.168.2.2</valeur>
          <valeur>1</valeur>
        </ligne>
        <ligne nbValeurs="6" clef="04">
          <valeur>04</valeur>
          <valeur>0.0.0.0</valeur>
          <valeur>0.0.0.0</valeur>
          <valeur>192.168.2.254</valeur>
          <valeur>192.168.2.2</valeur>
          <valeur>1</valeur>
        </ligne>
      </Routes>
      <CacheARP nbLignes="0" />
      <FichierHosts nbLignes="0" />
    </ConfigIpStation>
    <carte adresseMac="mac04">
      <PosDemoEmission.X>0</PosDemoEmission.X>
      <PosDemoEmission.Y>0</PosDemoEmission.Y>
      <ConfigIpCarte>
        <clientDhcp>False</clientDhcp>
        <adresse>192.168.2.2</adresse>
        <masque>255.255.255.0</masque>
      </ConfigIpCarte>
    </carte>
  </station>
  <station nomNoeud="st5">
    <idNoeud>7</idNoeud>
    <nbPointsConnexion>2</nbPointsConnexion>
    <Location.X>332</Location.X>
    <Location.Y>52</Location.Y>
    <ConfigIpStation>
      <passerelle>0.0.0.0</passerelle>
      <routageActif>True</routageActif>
      <serveurDns>0.0.0.0</serveurDns>
      <Routes nbLignes="6">
        <ligne nbValeurs="6" clef="01">
          <valeur>01</valeur>
          <valeur>192.168.2.254</valeur>
          <valeur>255.255.255.255</valeur>
          <valeur>192.168.2.254</valeur>
          <valeur>192.168.2.254</valeur>
          <valeur>1</valeur>
        </ligne>
        <ligne nbValeurs="6" clef="02">
          <valeur>02</valeur>
          <valeur>192.168.2.0</valeur>
          <valeur>255.255.255.0</valeur>
          <valeur>192.168.2.254</valeur>
          <valeur>192.168.2.254</valeur>
          <valeur>1</valeur>
        </ligne>
        <ligne nbValeurs="6" clef="03">
          <valeur>03</valeur>
          <valeur>192.168.2.255</valeur>
          <valeur>255.255.255.255</valeur>
          <valeur>192.168.2.254</valeur>
          <valeur>192.168.2.254</valeur>
          <valeur>1</valeur>
        </ligne>
        <ligne nbValeurs="6" clef="04">
          <valeur>04</valeur>
          <valeur>192.168.1.254</valeur>
          <valeur>255.255.255.255</valeur>
          <valeur>192.168.1.254</valeur>
          <valeur>192.168.1.254</valeur>
          <valeur>1</valeur>
        </ligne>
        <ligne nbValeurs="6" clef="05">
          <valeur>05</valeur>
          <valeur>192.168.1.0</valeur>
          <valeur>255.255.255.0</valeur>
          <valeur>192.168.1.254</valeur>
          <valeur>192.168.1.254</valeur>
          <valeur>1</valeur>
        </ligne>
        <ligne nbValeurs="6" clef="06">
          <valeur>06</valeur>
          <valeur>192.168.1.255</valeur>
          <valeur>255.255.255.255</valeur>
          <valeur>192.168.1.254</valeur>
          <valeur>192.168.1.254</valeur>
          <valeur>1</valeur>
        </ligne>
      </Routes>
      <CacheARP nbLignes="0" />
      <FichierHosts nbLignes="0" />
    </ConfigIpStation>
    <carte adresseMac="mac05">
      <PosDemoEmission.X>0</PosDemoEmission.X>
      <PosDemoEmission.Y>0</PosDemoEmission.Y>
      <ConfigIpCarte>
        <clientDhcp>False</clientDhcp>
        <adresse>192.168.1.254</adresse>
        <masque>255.255.255.0</masque>
      </ConfigIpCarte>
    </carte>
    <carte adresseMac="mac06">
      <PosDemoEmission.X>0</PosDemoEmission.X>
      <PosDemoEmission.Y>0</PosDemoEmission.Y>
      <ConfigIpCarte>
        <clientDhcp>False</clientDhcp>
        <adresse>192.168.2.254</adresse>
        <masque>255.255.255.0</masque>
      </ConfigIpCarte>
    </carte>
  </station>
  <cable>
    <type>droit</type>
    <longueur>30</longueur>
    <noeudPointA>3</noeudPointA>
    <portPointA>1</portPointA>
    <noeudPointB>1</noeudPointB>
    <portPointB>1</portPointB>
  </cable>
  <cable>
    <type>droit</type>
    <longueur>30</longueur>
    <noeudPointA>4</noeudPointA>
    <portPointA>1</portPointA>
    <noeudPointB>1</noeudPointB>
    <portPointB>2</portPointB>
  </cable>
  <cable>
    <type>droit</type>
    <longueur>30</longueur>
    <noeudPointA>1</noeudPointA>
    <portPointA>3</portPointA>
    <noeudPointB>7</noeudPointB>
    <portPointB>1</portPointB>
  </cable>
  <cable>
    <type>droit</type>
    <longueur>30</longueur>
    <noeudPointA>7</noeudPointA>
    <portPointA>2</portPointA>
    <noeudPointB>2</noeudPointB>
    <portPointB>1</portPointB>
  </cable>
  <cable>
    <type>droit</type>
    <longueur>30</longueur>
    <noeudPointA>5</noeudPointA>
    <portPointA>1</portPointA>
    <noeudPointB>2</noeudPointB>
    <portPointB>3</portPointB>
  </cable>
  <cable>
    <type>droit</type>
    <longueur>30</longueur>
    <noeudPointA>6</noeudPointA>
    <portPointA>1</portPointA>
    <noeudPointB>2</noeudPointB>
    <portPointB>4</portPointB>
  </cable>
</simRes>