<?xml version="1.0"?>
<simRes version="2.00" nbElements="26">
  <nbHubs>0</nbHubs>
  <nbSwitch>3</nbSwitch>
  <nbCartesReseau>14</nbCartesReseau>
  <nbStations>10</nbStations>
  <dernierIdNoeud>13</dernierIdNoeud>
  <adrReseauInternet1>172.11.0.0</adrReseauInternet1>
  <adrReseauInternet2>172.12.0.0</adrReseauInternet2>
  <adrReseauInternet3>172.13.0.0</adrReseauInternet3>
  <adrReseauInternet4>172.14.0.0</adrReseauInternet4>
  <adrReseauInternet5>172.15.0.0</adrReseauInternet5>
  <iconeMessage />
  <switch nomNoeud="sw1">
    <idNoeud>1</idNoeud>
    <nbPointsConnexion>6</nbPointsConnexion>
    <Location.X>52</Location.X>
    <Location.Y>178</Location.Y>
    <PosDemo.X>0</PosDemo.X>
    <PosDemo.Y>0</PosDemo.Y>
    <nbPortsNormaux>6</nbPortsNormaux>
    <nbPortsCascade>0</nbPortsCascade>
    <spanningTree>True</spanningTree>
    <nbPorts802.1q>0</nbPorts802.1q>
    <niveau_vlan>0</niveau_vlan>
    <typeSwitch>storeAndForward</typeSwitch>
    <PortSwitch numero="1">
      <PosDemoEmission.X>0</PosDemoEmission.X>
      <PosDemoEmission.Y>0</PosDemoEmission.Y>
    </PortSwitch>
    <PortSwitch numero="2">
      <PosDemoEmission.X>0</PosDemoEmission.X>
      <PosDemoEmission.Y>0</PosDemoEmission.Y>
    </PortSwitch>
    <PortSwitch numero="3">
      <PosDemoEmission.X>0</PosDemoEmission.X>
      <PosDemoEmission.Y>0</PosDemoEmission.Y>
    </PortSwitch>
    <PortSwitch numero="4">
      <PosDemoEmission.X>0</PosDemoEmission.X>
      <PosDemoEmission.Y>0</PosDemoEmission.Y>
    </PortSwitch>
    <PortSwitch numero="5">
      <PosDemoEmission.X>0</PosDemoEmission.X>
      <PosDemoEmission.Y>0</PosDemoEmission.Y>
    </PortSwitch>
    <PortSwitch numero="6">
      <PosDemoEmission.X>0</PosDemoEmission.X>
      <PosDemoEmission.Y>0</PosDemoEmission.Y>
    </PortSwitch>
    <table_port_vlan nbLignes="0" />
    <table_mac_vlan nbLignes="0" />
  </switch>
  <switch nomNoeud="sw2">
    <idNoeud>2</idNoeud>
    <nbPointsConnexion>10</nbPointsConnexion>
    <Location.X>272</Location.X>
    <Location.Y>182</Location.Y>
    <PosDemo.X>0</PosDemo.X>
    <PosDemo.Y>0</PosDemo.Y>
    <nbPortsNormaux>10</nbPortsNormaux>
    <nbPortsCascade>0</nbPortsCascade>
    <spanningTree>True</spanningTree>
    <nbPorts802.1q>0</nbPorts802.1q>
    <niveau_vlan>0</niveau_vlan>
    <typeSwitch>storeAndForward</typeSwitch>
    <PortSwitch numero="1">
      <PosDemoEmission.X>0</PosDemoEmission.X>
      <PosDemoEmission.Y>0</PosDemoEmission.Y>
    </PortSwitch>
    <PortSwitch numero="2">
      <PosDemoEmission.X>0</PosDemoEmission.X>
      <PosDemoEmission.Y>0</PosDemoEmission.Y>
    </PortSwitch>
    <PortSwitch numero="3">
      <PosDemoEmission.X>0</PosDemoEmission.X>
      <PosDemoEmission.Y>0</PosDemoEmission.Y>
    </PortSwitch>
    <PortSwitch numero="4">
      <PosDemoEmission.X>0</PosDemoEmission.X>
      <PosDemoEmission.Y>0</PosDemoEmission.Y>
    </PortSwitch>
    <PortSwitch numero="5">
      <PosDemoEmission.X>0</PosDemoEmission.X>
      <PosDemoEmission.Y>0</PosDemoEmission.Y>
    </PortSwitch>
    <PortSwitch numero="6">
      <PosDemoEmission.X>0</PosDemoEmission.X>
      <PosDemoEmission.Y>0</PosDemoEmission.Y>
    </PortSwitch>
    <PortSwitch numero="7">
      <PosDemoEmission.X>0</PosDemoEmission.X>
      <PosDemoEmission.Y>0</PosDemoEmission.Y>
    </PortSwitch>
    <PortSwitch numero="8">
      <PosDemoEmission.X>0</PosDemoEmission.X>
      <PosDemoEmission.Y>0</PosDemoEmission.Y>
    </PortSwitch>
    <PortSwitch numero="9">
      <PosDemoEmission.X>0</PosDemoEmission.X>
      <PosDemoEmission.Y>0</PosDemoEmission.Y>
    </PortSwitch>
    <PortSwitch numero="10">
      <PosDemoEmission.X>0</PosDemoEmission.X>
      <PosDemoEmission.Y>0</PosDemoEmission.Y>
    </PortSwitch>
    <table_port_vlan nbLignes="0" />
    <table_mac_vlan nbLignes="0" />
  </switch>
  <station nomNoeud="st1">
    <idNoeud>3</idNoeud>
    <nbPointsConnexion>1</nbPointsConnexion>
    <Location.X>19</Location.X>
    <Location.Y>304</Location.Y>
    <PosDemo.X>0</PosDemo.X>
    <PosDemo.Y>0</PosDemo.Y>
    <ConfigIpStation>
      <passerelle>192.168.1.254</passerelle>
      <routageActif>False</routageActif>
      <natPatActif>False</natPatActif>
      <carteQuiNat>-1</carteQuiNat>
      <serveurDns>0.0.0.0</serveurDns>
      <Routes nbLignes="4">
        <ligne nbValeurs="6" clef="01">
          <valeur>01</valeur>
          <valeur>192.168.1.1</valeur>
          <valeur>255.255.255.255</valeur>
          <valeur>192.168.1.1</valeur>
          <valeur>192.168.1.1</valeur>
          <valeur>1</valeur>
        </ligne>
        <ligne nbValeurs="6" clef="02">
          <valeur>02</valeur>
          <valeur>192.168.1.0</valeur>
          <valeur>255.255.255.0</valeur>
          <valeur>192.168.1.1</valeur>
          <valeur>192.168.1.1</valeur>
          <valeur>1</valeur>
        </ligne>
        <ligne nbValeurs="6" clef="03">
          <valeur>03</valeur>
          <valeur>192.168.1.255</valeur>
          <valeur>255.255.255.255</valeur>
          <valeur>192.168.1.1</valeur>
          <valeur>192.168.1.1</valeur>
          <valeur>1</valeur>
        </ligne>
        <ligne nbValeurs="6" clef="04">
          <valeur>04</valeur>
          <valeur>0.0.0.0</valeur>
          <valeur>0.0.0.0</valeur>
          <valeur>192.168.1.254</valeur>
          <valeur>192.168.1.1</valeur>
          <valeur>1</valeur>
        </ligne>
      </Routes>
      <CacheARP nbLignes="0" />
      <FichierHosts nbLignes="0" />
      <PortsEcoutes nbLignes="0" />
      <NatPat nbLignes="0" />
      <ReglesFiltrage nbLignes="0" />
    </ConfigIpStation>
    <AccesDistant>False</AccesDistant>
    <carte adresseMac="mac01">
      <PosDemoEmission.X>0</PosDemoEmission.X>
      <PosDemoEmission.Y>0</PosDemoEmission.Y>
      <ConfigIpCarte>
        <clientDhcp>False</clientDhcp>
        <adresse>192.168.1.1</adresse>
        <masque>255.255.255.0</masque>
      </ConfigIpCarte>
    </carte>
  </station>
  <station nomNoeud="st2">
    <idNoeud>4</idNoeud>
    <nbPointsConnexion>1</nbPointsConnexion>
    <Location.X>119</Location.X>
    <Location.Y>293</Location.Y>
    <PosDemo.X>0</PosDemo.X>
    <PosDemo.Y>0</PosDemo.Y>
    <ConfigIpStation>
      <passerelle>192.168.1.254</passerelle>
      <routageActif>False</routageActif>
      <natPatActif>False</natPatActif>
      <carteQuiNat>-1</carteQuiNat>
      <serveurDns>0.0.0.0</serveurDns>
      <Routes nbLignes="4">
        <ligne nbValeurs="6" clef="01">
          <valeur>01</valeur>
          <valeur>192.168.1.2</valeur>
          <valeur>255.255.255.255</valeur>
          <valeur>192.168.1.2</valeur>
          <valeur>192.168.1.2</valeur>
          <valeur>1</valeur>
        </ligne>
        <ligne nbValeurs="6" clef="02">
          <valeur>02</valeur>
          <valeur>192.168.1.0</valeur>
          <valeur>255.255.255.0</valeur>
          <valeur>192.168.1.2</valeur>
          <valeur>192.168.1.2</valeur>
          <valeur>1</valeur>
        </ligne>
        <ligne nbValeurs="6" clef="03">
          <valeur>03</valeur>
          <valeur>192.168.1.255</valeur>
          <valeur>255.255.255.255</valeur>
          <valeur>192.168.1.2</valeur>
          <valeur>192.168.1.2</valeur>
          <valeur>1</valeur>
        </ligne>
        <ligne nbValeurs="6" clef="04">
          <valeur>04</valeur>
          <valeur>0.0.0.0</valeur>
          <valeur>0.0.0.0</valeur>
          <valeur>192.168.1.254</valeur>
          <valeur>192.168.1.2</valeur>
          <valeur>1</valeur>
        </ligne>
      </Routes>
      <CacheARP nbLignes="0" />
      <FichierHosts nbLignes="0" />
      <PortsEcoutes nbLignes="0" />
      <NatPat nbLignes="0" />
      <ReglesFiltrage nbLignes="0" />
    </ConfigIpStation>
    <AccesDistant>False</AccesDistant>
    <carte adresseMac="mac02">
      <PosDemoEmission.X>0</PosDemoEmission.X>
      <PosDemoEmission.Y>0</PosDemoEmission.Y>
      <ConfigIpCarte>
        <clientDhcp>False</clientDhcp>
        <adresse>192.168.1.2</adresse>
        <masque>255.255.255.0</masque>
      </ConfigIpCarte>
    </carte>
  </station>
  <station nomNoeud="st3">
    <idNoeud>5</idNoeud>
    <nbPointsConnexion>1</nbPointsConnexion>
    <Location.X>244</Location.X>
    <Location.Y>289</Location.Y>
    <PosDemo.X>0</PosDemo.X>
    <PosDemo.Y>0</PosDemo.Y>
    <ConfigIpStation>
      <passerelle>192.168.2.254</passerelle>
      <routageActif>False</routageActif>
      <natPatActif>False</natPatActif>
      <carteQuiNat>-1</carteQuiNat>
      <serveurDns>0.0.0.0</serveurDns>
      <Routes nbLignes="4">
        <ligne nbValeurs="6" clef="01">
          <valeur>01</valeur>
          <valeur>192.168.2.1</valeur>
          <valeur>255.255.255.255</valeur>
          <valeur>192.168.2.1</valeur>
          <valeur>192.168.2.1</valeur>
          <valeur>1</valeur>
        </ligne>
        <ligne nbValeurs="6" clef="02">
          <valeur>02</valeur>
          <valeur>192.168.2.0</valeur>
          <valeur>255.255.255.0</valeur>
          <valeur>192.168.2.1</valeur>
          <valeur>192.168.2.1</valeur>
          <valeur>1</valeur>
        </ligne>
        <ligne nbValeurs="6" clef="03">
          <valeur>03</valeur>
          <valeur>192.168.2.255</valeur>
          <valeur>255.255.255.255</valeur>
          <valeur>192.168.2.1</valeur>
          <valeur>192.168.2.1</valeur>
          <valeur>1</valeur>
        </ligne>
        <ligne nbValeurs="6" clef="04">
          <valeur>04</valeur>
          <valeur>0.0.0.0</valeur>
          <valeur>0.0.0.0</valeur>
          <valeur>192.168.2.254</valeur>
          <valeur>192.168.2.1</valeur>
          <valeur>1</valeur>
        </ligne>
      </Routes>
      <CacheARP nbLignes="0" />
      <FichierHosts nbLignes="0" />
      <PortsEcoutes nbLignes="0" />
      <NatPat nbLignes="0" />
      <ReglesFiltrage nbLignes="0" />
    </ConfigIpStation>
    <AccesDistant>False</AccesDistant>
    <carte adresseMac="mac03">
      <PosDemoEmission.X>0</PosDemoEmission.X>
      <PosDemoEmission.Y>0</PosDemoEmission.Y>
      <ConfigIpCarte>
        <clientDhcp>False</clientDhcp>
        <adresse>192.168.2.1</adresse>
        <masque>255.255.255.0</masque>
      </ConfigIpCarte>
    </carte>
  </station>
  <station nomNoeud="st4">
    <idNoeud>6</idNoeud>
    <nbPointsConnexion>1</nbPointsConnexion>
    <Location.X>374</Location.X>
    <Location.Y>295</Location.Y>
    <PosDemo.X>0</PosDemo.X>
    <PosDemo.Y>0</PosDemo.Y>
    <ConfigIpStation>
      <passerelle>192.168.2.254</passerelle>
      <routageActif>False</routageActif>
      <natPatActif>False</natPatActif>
      <carteQuiNat>-1</carteQuiNat>
      <serveurDns>0.0.0.0</serveurDns>
      <Routes nbLignes="4">
        <ligne nbValeurs="6" clef="01">
          <valeur>01</valeur>
          <valeur>192.168.2.2</valeur>
          <valeur>255.255.255.255</valeur>
          <valeur>192.168.2.2</valeur>
          <valeur>192.168.2.2</valeur>
          <valeur>1</valeur>
        </ligne>
        <ligne nbValeurs="6" clef="02">
          <valeur>02</valeur>
          <valeur>192.168.2.0</valeur>
          <valeur>255.255.255.0</valeur>
          <valeur>192.168.2.2</valeur>
          <valeur>192.168.2.2</valeur>
          <valeur>1</valeur>
        </ligne>
        <ligne nbValeurs="6" clef="03">
          <valeur>03</valeur>
          <valeur>192.168.2.255</valeur>
          <valeur>255.255.255.255</valeur>
          <valeur>192.168.2.2</valeur>
          <valeur>192.168.2.2</valeur>
          <valeur>1</valeur>
        </ligne>
        <ligne nbValeurs="6" clef="04">
          <valeur>04</valeur>
          <valeur>0.0.0.0</valeur>
          <valeur>0.0.0.0</valeur>
          <valeur>192.168.2.254</valeur>
          <valeur>192.168.2.2</valeur>
          <valeur>1</valeur>
        </ligne>
      </Routes>
      <CacheARP nbLignes="0" />
      <FichierHosts nbLignes="0" />
      <PortsEcoutes nbLignes="0" />
      <NatPat nbLignes="0" />
      <ReglesFiltrage nbLignes="0" />
    </ConfigIpStation>
    <AccesDistant>False</AccesDistant>
    <carte adresseMac="mac04">
      <PosDemoEmission.X>0</PosDemoEmission.X>
      <PosDemoEmission.Y>0</PosDemoEmission.Y>
      <ConfigIpCarte>
        <clientDhcp>False</clientDhcp>
        <adresse>192.168.2.2</adresse>
        <masque>255.255.255.0</masque>
      </ConfigIpCarte>
    </carte>
  </station>
  <station nomNoeud="st5">
    <idNoeud>7</idNoeud>
    <nbPointsConnexion>2</nbPointsConnexion>
    <Location.X>110</Location.X>
    <Location.Y>61</Location.Y>
    <PosDemo.X>0</PosDemo.X>
    <PosDemo.Y>0</PosDemo.Y>
    <ConfigIpStation>
      <passerelle>0.0.0.0</passerelle>
      <routageActif>True</routageActif>
      <natPatActif>False</natPatActif>
      <carteQuiNat>-1</carteQuiNat>
      <serveurDns>0.0.0.0</serveurDns>
      <Routes nbLignes="8">
        <ligne nbValeurs="6" clef="01">
          <valeur>01</valeur>
          <valeur>10.10.10.1</valeur>
          <valeur>255.255.255.255</valeur>
          <valeur>10.10.10.1</valeur>
          <valeur>10.10.10.1</valeur>
          <valeur>1</valeur>
        </ligne>
        <ligne nbValeurs="6" clef="02">
          <valeur>02</valeur>
          <valeur>10.0.0.0</valeur>
          <valeur>255.0.0.0</valeur>
          <valeur>10.10.10.1</valeur>
          <valeur>10.10.10.1</valeur>
          <valeur>1</valeur>
        </ligne>
        <ligne nbValeurs="6" clef="03">
          <valeur>03</valeur>
          <valeur>10.255.255.255</valeur>
          <valeur>255.255.255.255</valeur>
          <valeur>10.10.10.1</valeur>
          <valeur>10.10.10.1</valeur>
          <valeur>1</valeur>
        </ligne>
        <ligne nbValeurs="6" clef="04">
          <valeur>04</valeur>
          <valeur>192.168.1.254</valeur>
          <valeur>255.255.255.255</valeur>
          <valeur>192.168.1.254</valeur>
          <valeur>192.168.1.254</valeur>
          <valeur>1</valeur>
        </ligne>
        <ligne nbValeurs="6" clef="05">
          <valeur>05</valeur>
          <valeur>192.168.1.0</valeur>
          <valeur>255.255.255.0</valeur>
          <valeur>192.168.1.254</valeur>
          <valeur>192.168.1.254</valeur>
          <valeur>1</valeur>
        </ligne>
        <ligne nbValeurs="6" clef="06">
          <valeur>06</valeur>
          <valeur>192.168.1.255</valeur>
          <valeur>255.255.255.255</valeur>
          <valeur>192.168.1.254</valeur>
          <valeur>192.168.1.254</valeur>
          <valeur>1</valeur>
        </ligne>
        <ligne nbValeurs="6" clef="07">
          <valeur>07</valeur>
          <valeur>192.168.2.0    </valeur>
          <valeur>255.255.255.0  </valeur>
          <valeur>10.10.10.2     </valeur>
          <valeur>10.10.10.1     </valeur>
          <valeur>1</valeur>
        </ligne>
        <ligne nbValeurs="6" clef="08">
          <valeur>08</valeur>
          <valeur>192.168.3.0    </valeur>
          <valeur>255.255.255.0  </valeur>
          <valeur>10.10.10.2     </valeur>
          <valeur>10.10.10.1     </valeur>
          <valeur>4</valeur>
        </ligne>
      </Routes>
      <CacheARP nbLignes="0" />
      <FichierHosts nbLignes="0" />
      <PortsEcoutes nbLignes="0" />
      <NatPat nbLignes="0" />
      <ReglesFiltrage nbLignes="0" />
    </ConfigIpStation>
    <AccesDistant>False</AccesDistant>
    <carte adresseMac="mac05">
      <PosDemoEmission.X>0</PosDemoEmission.X>
      <PosDemoEmission.Y>0</PosDemoEmission.Y>
      <ConfigIpCarte>
        <clientDhcp>False</clientDhcp>
        <adresse>192.168.1.254</adresse>
        <masque>255.255.255.0</masque>
      </ConfigIpCarte>
    </carte>
    <carte adresseMac="mac07">
      <PosDemoEmission.X>0</PosDemoEmission.X>
      <PosDemoEmission.Y>0</PosDemoEmission.Y>
      <ConfigIpCarte>
        <clientDhcp>False</clientDhcp>
        <adresse>10.10.10.1</adresse>
        <masque>255.0.0.0</masque>
      </ConfigIpCarte>
    </carte>
  </station>
  <station nomNoeud="st6">
    <idNoeud>8</idNoeud>
    <nbPointsConnexion>2</nbPointsConnexion>
    <Location.X>233</Location.X>
    <Location.Y>61</Location.Y>
    <PosDemo.X>0</PosDemo.X>
    <PosDemo.Y>0</PosDemo.Y>
    <ConfigIpStation>
      <passerelle>0.0.0.0</passerelle>
      <routageActif>True</routageActif>
      <natPatActif>False</natPatActif>
      <carteQuiNat>-1</carteQuiNat>
      <serveurDns>0.0.0.0</serveurDns>
      <Routes nbLignes="8">
        <ligne nbValeurs="6" clef="01">
          <valeur>01</valeur>
          <valeur>192.168.2.254</valeur>
          <valeur>255.255.255.255</valeur>
          <valeur>192.168.2.254</valeur>
          <valeur>192.168.2.254</valeur>
          <valeur>1</valeur>
        </ligne>
        <ligne nbValeurs="6" clef="02">
          <valeur>02</valeur>
          <valeur>192.168.2.0</valeur>
          <valeur>255.255.255.0</valeur>
          <valeur>192.168.2.254</valeur>
          <valeur>192.168.2.254</valeur>
          <valeur>1</valeur>
        </ligne>
        <ligne nbValeurs="6" clef="03">
          <valeur>03</valeur>
          <valeur>192.168.2.255</valeur>
          <valeur>255.255.255.255</valeur>
          <valeur>192.168.2.254</valeur>
          <valeur>192.168.2.254</valeur>
          <valeur>1</valeur>
        </ligne>
        <ligne nbValeurs="6" clef="04">
          <valeur>04</valeur>
          <valeur>10.10.10.2</valeur>
          <valeur>255.255.255.255</valeur>
          <valeur>10.10.10.2</valeur>
          <valeur>10.10.10.2</valeur>
          <valeur>1</valeur>
        </ligne>
        <ligne nbValeurs="6" clef="05">
          <valeur>05</valeur>
          <valeur>10.0.0.0</valeur>
          <valeur>255.0.0.0</valeur>
          <valeur>10.10.10.2</valeur>
          <valeur>10.10.10.2</valeur>
          <valeur>1</valeur>
        </ligne>
        <ligne nbValeurs="6" clef="06">
          <valeur>06</valeur>
          <valeur>10.255.255.255</valeur>
          <valeur>255.255.255.255</valeur>
          <valeur>10.10.10.2</valeur>
          <valeur>10.10.10.2</valeur>
          <valeur>1</valeur>
        </ligne>
        <ligne nbValeurs="6" clef="07">
          <valeur>07</valeur>
          <valeur>192.168.1.0    </valeur>
          <valeur>255.255.255.0  </valeur>
          <valeur>10.10.10.1     </valeur>
          <valeur>10.10.10.2     </valeur>
          <valeur>2</valeur>
        </ligne>
        <ligne nbValeurs="6" clef="08">
          <valeur>08</valeur>
          <valeur>192.168.3.0    </valeur>
          <valeur>255.255.255.0  </valeur>
          <valeur>192.168.2.253  </valeur>
          <valeur>192.168.2.254  </valeur>
          <valeur>3</valeur>
        </ligne>
      </Routes>
      <CacheARP nbLignes="0" />
      <FichierHosts nbLignes="0" />
      <PortsEcoutes nbLignes="0" />
      <NatPat nbLignes="0" />
      <ReglesFiltrage nbLignes="0" />
    </ConfigIpStation>
    <AccesDistant>False</AccesDistant>
    <carte adresseMac="mac06">
      <PosDemoEmission.X>0</PosDemoEmission.X>
      <PosDemoEmission.Y>0</PosDemoEmission.Y>
      <ConfigIpCarte>
        <clientDhcp>False</clientDhcp>
        <adresse>10.10.10.2</adresse>
        <masque>255.0.0.0</masque>
      </ConfigIpCarte>
    </carte>
    <carte adresseMac="mac08">
      <PosDemoEmission.X>0</PosDemoEmission.X>
      <PosDemoEmission.Y>0</PosDemoEmission.Y>
      <ConfigIpCarte>
        <clientDhcp>False</clientDhcp>
        <adresse>192.168.2.254</adresse>
        <masque>255.255.255.0</masque>
      </ConfigIpCarte>
    </carte>
  </station>
  <switch nomNoeud="sw3">
    <idNoeud>9</idNoeud>
    <nbPointsConnexion>6</nbPointsConnexion>
    <Location.X>555</Location.X>
    <Location.Y>177</Location.Y>
    <PosDemo.X>0</PosDemo.X>
    <PosDemo.Y>0</PosDemo.Y>
    <nbPortsNormaux>6</nbPortsNormaux>
    <nbPortsCascade>0</nbPortsCascade>
    <spanningTree>True</spanningTree>
    <nbPorts802.1q>0</nbPorts802.1q>
    <niveau_vlan>0</niveau_vlan>
    <typeSwitch>storeAndForward</typeSwitch>
    <PortSwitch numero="1">
      <PosDemoEmission.X>0</PosDemoEmission.X>
      <PosDemoEmission.Y>0</PosDemoEmission.Y>
    </PortSwitch>
    <PortSwitch numero="2">
      <PosDemoEmission.X>0</PosDemoEmission.X>
      <PosDemoEmission.Y>0</PosDemoEmission.Y>
    </PortSwitch>
    <PortSwitch numero="3">
      <PosDemoEmission.X>0</PosDemoEmission.X>
      <PosDemoEmission.Y>0</PosDemoEmission.Y>
    </PortSwitch>
    <PortSwitch numero="4">
      <PosDemoEmission.X>0</PosDemoEmission.X>
      <PosDemoEmission.Y>0</PosDemoEmission.Y>
    </PortSwitch>
    <PortSwitch numero="5">
      <PosDemoEmission.X>0</PosDemoEmission.X>
      <PosDemoEmission.Y>0</PosDemoEmission.Y>
    </PortSwitch>
    <PortSwitch numero="6">
      <PosDemoEmission.X>0</PosDemoEmission.X>
      <PosDemoEmission.Y>0</PosDemoEmission.Y>
    </PortSwitch>
    <table_port_vlan nbLignes="0" />
    <table_mac_vlan nbLignes="0" />
  </switch>
  <station nomNoeud="st7">
    <idNoeud>10</idNoeud>
    <nbPointsConnexion>1</nbPointsConnexion>
    <Location.X>517</Location.X>
    <Location.Y>281</Location.Y>
    <PosDemo.X>0</PosDemo.X>
    <PosDemo.Y>0</PosDemo.Y>
    <ConfigIpStation>
      <passerelle>192.168.3.254</passerelle>
      <routageActif>False</routageActif>
      <natPatActif>False</natPatActif>
      <carteQuiNat>-1</carteQuiNat>
      <serveurDns>0.0.0.0</serveurDns>
      <Routes nbLignes="4">
        <ligne nbValeurs="6" clef="01">
          <valeur>01</valeur>
          <valeur>192.168.3.1</valeur>
          <valeur>255.255.255.255</valeur>
          <valeur>192.168.3.1</valeur>
          <valeur>192.168.3.1</valeur>
          <valeur>1</valeur>
        </ligne>
        <ligne nbValeurs="6" clef="02">
          <valeur>02</valeur>
          <valeur>192.168.3.0</valeur>
          <valeur>255.255.255.0</valeur>
          <valeur>192.168.3.1</valeur>
          <valeur>192.168.3.1</valeur>
          <valeur>1</valeur>
        </ligne>
        <ligne nbValeurs="6" clef="03">
          <valeur>03</valeur>
          <valeur>192.168.3.255</valeur>
          <valeur>255.255.255.255</valeur>
          <valeur>192.168.3.1</valeur>
          <valeur>192.168.3.1</valeur>
          <valeur>1</valeur>
        </ligne>
        <ligne nbValeurs="6" clef="04">
          <valeur>04</valeur>
          <valeur>0.0.0.0</valeur>
          <valeur>0.0.0.0</valeur>
          <valeur>192.168.3.254</valeur>
          <valeur>192.168.3.1</valeur>
          <valeur>1</valeur>
        </ligne>
      </Routes>
      <CacheARP nbLignes="0" />
      <FichierHosts nbLignes="0" />
      <PortsEcoutes nbLignes="0" />
      <NatPat nbLignes="0" />
      <ReglesFiltrage nbLignes="0" />
    </ConfigIpStation>
    <AccesDistant>False</AccesDistant>
    <carte adresseMac="mac09">
      <PosDemoEmission.X>0</PosDemoEmission.X>
      <PosDemoEmission.Y>0</PosDemoEmission.Y>
      <ConfigIpCarte>
        <clientDhcp>False</clientDhcp>
        <adresse>192.168.3.1</adresse>
        <masque>255.255.255.0</masque>
      </ConfigIpCarte>
    </carte>
  </station>
  <station nomNoeud="st8">
    <idNoeud>11</idNoeud>
    <nbPointsConnexion>1</nbPointsConnexion>
    <Location.X>630</Location.X>
    <Location.Y>281</Location.Y>
    <PosDemo.X>0</PosDemo.X>
    <PosDemo.Y>0</PosDemo.Y>
    <ConfigIpStation>
      <passerelle>192.168.3.254</passerelle>
      <routageActif>False</routageActif>
      <natPatActif>False</natPatActif>
      <carteQuiNat>-1</carteQuiNat>
      <serveurDns>0.0.0.0</serveurDns>
      <Routes nbLignes="4">
        <ligne nbValeurs="6" clef="01">
          <valeur>01</valeur>
          <valeur>192.168.3.2</valeur>
          <valeur>255.255.255.255</valeur>
          <valeur>192.168.3.2</valeur>
          <valeur>192.168.3.2</valeur>
          <valeur>1</valeur>
        </ligne>
        <ligne nbValeurs="6" clef="02">
          <valeur>02</valeur>
          <valeur>192.168.3.0</valeur>
          <valeur>255.255.255.0</valeur>
          <valeur>192.168.3.2</valeur>
          <valeur>192.168.3.2</valeur>
          <valeur>1</valeur>
        </ligne>
        <ligne nbValeurs="6" clef="03">
          <valeur>03</valeur>
          <valeur>192.168.3.255</valeur>
          <valeur>255.255.255.255</valeur>
          <valeur>192.168.3.2</valeur>
          <valeur>192.168.3.2</valeur>
          <valeur>1</valeur>
        </ligne>
        <ligne nbValeurs="6" clef="04">
          <valeur>04</valeur>
          <valeur>0.0.0.0</valeur>
          <valeur>0.0.0.0</valeur>
          <valeur>192.168.3.254</valeur>
          <valeur>192.168.3.2</valeur>
          <valeur>1</valeur>
        </ligne>
      </Routes>
      <CacheARP nbLignes="0" />
      <FichierHosts nbLignes="0" />
      <PortsEcoutes nbLignes="0" />
      <NatPat nbLignes="0" />
      <ReglesFiltrage nbLignes="0" />
    </ConfigIpStation>
    <AccesDistant>False</AccesDistant>
    <carte adresseMac="mac10">
      <PosDemoEmission.X>0</PosDemoEmission.X>
      <PosDemoEmission.Y>0</PosDemoEmission.Y>
      <ConfigIpCarte>
        <clientDhcp>False</clientDhcp>
        <adresse>192.168.3.2</adresse>
        <masque>255.255.255.0</masque>
      </ConfigIpCarte>
    </carte>
  </station>
  <station nomNoeud="st9">
    <idNoeud>12</idNoeud>
    <nbPointsConnexion>2</nbPointsConnexion>
    <Location.X>399</Location.X>
    <Location.Y>63</Location.Y>
    <PosDemo.X>0</PosDemo.X>
    <PosDemo.Y>0</PosDemo.Y>
    <ConfigIpStation>
      <passerelle>0.0.0.0</passerelle>
      <routageActif>True</routageActif>
      <natPatActif>False</natPatActif>
      <carteQuiNat>-1</carteQuiNat>
      <serveurDns>0.0.0.0</serveurDns>
      <Routes nbLignes="8">
        <ligne nbValeurs="6" clef="01">
          <valeur>01</valeur>
          <valeur>10.0.0.1</valeur>
          <valeur>255.255.255.255</valeur>
          <valeur>10.0.0.1</valeur>
          <valeur>10.0.0.1</valeur>
          <valeur>1</valeur>
        </ligne>
        <ligne nbValeurs="6" clef="02">
          <valeur>02</valeur>
          <valeur>10.0.0.0</valeur>
          <valeur>255.0.0.0</valeur>
          <valeur>10.0.0.1</valeur>
          <valeur>10.0.0.1</valeur>
          <valeur>1</valeur>
        </ligne>
        <ligne nbValeurs="6" clef="03">
          <valeur>03</valeur>
          <valeur>10.255.255.255</valeur>
          <valeur>255.255.255.255</valeur>
          <valeur>10.0.0.1</valeur>
          <valeur>10.0.0.1</valeur>
          <valeur>1</valeur>
        </ligne>
        <ligne nbValeurs="6" clef="04">
          <valeur>04</valeur>
          <valeur>192.168.2.253</valeur>
          <valeur>255.255.255.255</valeur>
          <valeur>192.168.2.253</valeur>
          <valeur>192.168.2.253</valeur>
          <valeur>1</valeur>
        </ligne>
        <ligne nbValeurs="6" clef="05">
          <valeur>05</valeur>
          <valeur>192.168.2.0</valeur>
          <valeur>255.255.255.0</valeur>
          <valeur>192.168.2.253</valeur>
          <valeur>192.168.2.253</valeur>
          <valeur>1</valeur>
        </ligne>
        <ligne nbValeurs="6" clef="06">
          <valeur>06</valeur>
          <valeur>192.168.2.255</valeur>
          <valeur>255.255.255.255</valeur>
          <valeur>192.168.2.253</valeur>
          <valeur>192.168.2.253</valeur>
          <valeur>1</valeur>
        </ligne>
        <ligne nbValeurs="6" clef="07">
          <valeur>07</valeur>
          <valeur>192.168.1.0    </valeur>
          <valeur>255.255.255.0  </valeur>
          <valeur>192.168.2.254  </valeur>
          <valeur>192.168.2.253  </valeur>
          <valeur>3</valeur>
        </ligne>
        <ligne nbValeurs="6" clef="08">
          <valeur>08</valeur>
          <valeur>192.168.3.0    </valeur>
          <valeur>255.255.255.0  </valeur>
          <valeur>10.0.0.2       </valeur>
          <valeur>10.0.0.1       </valeur>
          <valeur>2</valeur>
        </ligne>
      </Routes>
      <CacheARP nbLignes="0" />
      <FichierHosts nbLignes="0" />
      <PortsEcoutes nbLignes="0" />
      <NatPat nbLignes="0" />
      <ReglesFiltrage nbLignes="0" />
    </ConfigIpStation>
    <AccesDistant>False</AccesDistant>
    <carte adresseMac="mac11">
      <PosDemoEmission.X>0</PosDemoEmission.X>
      <PosDemoEmission.Y>0</PosDemoEmission.Y>
      <ConfigIpCarte>
        <clientDhcp>False</clientDhcp>
        <adresse>192.168.2.253</adresse>
        <masque>255.255.255.0</masque>
      </ConfigIpCarte>
    </carte>
    <carte adresseMac="mac13">
      <PosDemoEmission.X>0</PosDemoEmission.X>
      <PosDemoEmission.Y>0</PosDemoEmission.Y>
      <ConfigIpCarte>
        <clientDhcp>False</clientDhcp>
        <adresse>10.0.0.1</adresse>
        <masque>255.0.0.0</masque>
      </ConfigIpCarte>
    </carte>
  </station>
  <station nomNoeud="st10">
    <idNoeud>13</idNoeud>
    <nbPointsConnexion>2</nbPointsConnexion>
    <Location.X>526</Location.X>
    <Location.Y>61</Location.Y>
    <PosDemo.X>0</PosDemo.X>
    <PosDemo.Y>0</PosDemo.Y>
    <ConfigIpStation>
      <passerelle>0.0.0.0</passerelle>
      <routageActif>True</routageActif>
      <natPatActif>False</natPatActif>
      <carteQuiNat>-1</carteQuiNat>
      <serveurDns>0.0.0.0</serveurDns>
      <Routes nbLignes="8">
        <ligne nbValeurs="6" clef="01">
          <valeur>01</valeur>
          <valeur>192.168.3.254</valeur>
          <valeur>255.255.255.255</valeur>
          <valeur>192.168.3.254</valeur>
          <valeur>192.168.3.254</valeur>
          <valeur>1</valeur>
        </ligne>
        <ligne nbValeurs="6" clef="02">
          <valeur>02</valeur>
          <valeur>192.168.3.0</valeur>
          <valeur>255.255.255.0</valeur>
          <valeur>192.168.3.254</valeur>
          <valeur>192.168.3.254</valeur>
          <valeur>1</valeur>
        </ligne>
        <ligne nbValeurs="6" clef="03">
          <valeur>03</valeur>
          <valeur>192.168.3.255</valeur>
          <valeur>255.255.255.255</valeur>
          <valeur>192.168.3.254</valeur>
          <valeur>192.168.3.254</valeur>
          <valeur>1</valeur>
        </ligne>
        <ligne nbValeurs="6" clef="04">
          <valeur>04</valeur>
          <valeur>10.0.0.2</valeur>
          <valeur>255.255.255.255</valeur>
          <valeur>10.0.0.2</valeur>
          <valeur>10.0.0.2</valeur>
          <valeur>1</valeur>
        </ligne>
        <ligne nbValeurs="6" clef="05">
          <valeur>05</valeur>
          <valeur>10.0.0.0</valeur>
          <valeur>255.0.0.0</valeur>
          <valeur>10.0.0.2</valeur>
          <valeur>10.0.0.2</valeur>
          <valeur>1</valeur>
        </ligne>
        <ligne nbValeurs="6" clef="06">
          <valeur>06</valeur>
          <valeur>10.255.255.255</valeur>
          <valeur>255.255.255.255</valeur>
          <valeur>10.0.0.2</valeur>
          <valeur>10.0.0.2</valeur>
          <valeur>1</valeur>
        </ligne>
        <ligne nbValeurs="6" clef="07">
          <valeur>07</valeur>
          <valeur>192.168.1.0    </valeur>
          <valeur>255.255.255.0  </valeur>
          <valeur>10.0.0.1       </valeur>
          <valeur>10.0.0.2       </valeur>
          <valeur>4</valeur>
        </ligne>
        <ligne nbValeurs="6" clef="08">
          <valeur>08</valeur>
          <valeur>192.168.2.0    </valeur>
          <valeur>255.255.255.0  </valeur>
          <valeur>10.0.0.1       </valeur>
          <valeur>10.0.0.2       </valeur>
          <valeur>3</valeur>
        </ligne>
      </Routes>
      <CacheARP nbLignes="0" />
      <FichierHosts nbLignes="0" />
      <PortsEcoutes nbLignes="0" />
      <NatPat nbLignes="0" />
      <ReglesFiltrage nbLignes="0" />
    </ConfigIpStation>
    <AccesDistant>False</AccesDistant>
    <carte adresseMac="mac12">
      <PosDemoEmission.X>0</PosDemoEmission.X>
      <PosDemoEmission.Y>0</PosDemoEmission.Y>
      <ConfigIpCarte>
        <clientDhcp>False</clientDhcp>
        <adresse>10.0.0.2</adresse>
        <masque>255.0.0.0</masque>
      </ConfigIpCarte>
    </carte>
    <carte adresseMac="mac14">
      <PosDemoEmission.X>0</PosDemoEmission.X>
      <PosDemoEmission.Y>0</PosDemoEmission.Y>
      <ConfigIpCarte>
        <clientDhcp>False</clientDhcp>
        <adresse>192.168.3.254</adresse>
        <masque>255.255.255.0</masque>
      </ConfigIpCarte>
    </carte>
  </station>
  <cable>
    <type>croise</type>
    <longueur>30</longueur>
    <noeudPointA>7</noeudPointA>
    <portPointA>2</portPointA>
    <noeudPointB>8</noeudPointB>
    <portPointB>1</portPointB>
  </cable>
  <cable>
    <type>droit</type>
    <longueur>30</longueur>
    <noeudPointA>3</noeudPointA>
    <portPointA>1</portPointA>
    <noeudPointB>1</noeudPointB>
    <portPointB>1</portPointB>
  </cable>
  <cable>
    <type>droit</type>
    <longueur>30</longueur>
    <noeudPointA>4</noeudPointA>
    <portPointA>1</portPointA>
    <noeudPointB>1</noeudPointB>
    <portPointB>2</portPointB>
  </cable>
  <cable>
    <type>droit</type>
    <longueur>30</longueur>
    <noeudPointA>1</noeudPointA>
    <portPointA>4</portPointA>
    <noeudPointB>7</noeudPointB>
    <portPointB>1</portPointB>
  </cable>
  <cable>
    <type>droit</type>
    <longueur>30</longueur>
    <noeudPointA>8</noeudPointA>
    <portPointA>2</portPointA>
    <noeudPointB>2</noeudPointB>
    <portPointB>1</portPointB>
  </cable>
  <cable>
    <type>droit</type>
    <longueur>30</longueur>
    <noeudPointA>5</noeudPointA>
    <portPointA>1</portPointA>
    <noeudPointB>2</noeudPointB>
    <portPointB>4</portPointB>
  </cable>
  <cable>
    <type>droit</type>
    <longueur>30</longueur>
    <noeudPointA>6</noeudPointA>
    <portPointA>1</portPointA>
    <noeudPointB>2</noeudPointB>
    <portPointB>5</portPointB>
  </cable>
  <cable>
    <type>droit</type>
    <longueur>30</longueur>
    <noeudPointA>2</noeudPointA>
    <portPointA>7</portPointA>
    <noeudPointB>12</noeudPointB>
    <portPointB>1</portPointB>
  </cable>
  <cable>
    <type>droit</type>
    <longueur>30</longueur>
    <noeudPointA>13</noeudPointA>
    <portPointA>2</portPointA>
    <noeudPointB>9</noeudPointB>
    <portPointB>4</portPointB>
  </cable>
  <cable>
    <type>croise</type>
    <longueur>30</longueur>
    <noeudPointA>12</noeudPointA>
    <portPointA>2</portPointA>
    <noeudPointB>13</noeudPointB>
    <portPointB>1</portPointB>
  </cable>
  <cable>
    <type>droit</type>
    <longueur>30</longueur>
    <noeudPointA>10</noeudPointA>
    <portPointA>1</portPointA>
    <noeudPointB>9</noeudPointB>
    <portPointB>1</portPointB>
  </cable>
  <cable>
    <type>droit</type>
    <longueur>30</longueur>
    <noeudPointA>11</noeudPointA>
    <portPointA>1</portPointA>
    <noeudPointB>9</noeudPointB>
    <portPointB>2</portPointB>
  </cable>
</simRes>